"year","unemployment","labor_force_participation","urbanization","internet_penetration","energy_consumption","fdi_inflows"
1960,5.11939576855541,63.6426197667721,34.2335712808983,15.6,1626.28944750339,0.49935747999088
1961,5.11939576855541,63.6426197667721,34.5109401402331,15.6,1626.28944750339,0.49935747999088
1962,5.11939576855541,63.6426197667721,34.3999791158984,15.6,1626.28944750339,0.49935747999088
1963,5.11939576855541,63.6426197667721,34.5568545193136,15.6,1626.28944750339,0.49935747999088
1964,5.11939576855541,63.6426197667721,35.1475913528482,15.6,1626.28944750339,0.49935747999088
1965,5.11939576855541,63.6426197667721,35.3540652249105,15.6,1626.28944750339,0.49935747999088
1966,5.11939576855541,63.6426197667721,35.5802943060325,15.6,1626.28944750339,0.49935747999088
1967,5.11939576855541,63.6426197667721,35.8127958285919,15.6,1626.28944750339,0.49935747999088
1968,5.11939576855541,63.6426197667721,36.0363793020656,15.6,1626.28944750339,0.49935747999088
1969,5.11939576855541,63.6426197667721,36.2526224316664,15.6,1626.28944750339,0.49935747999088
1970,5.11939576855541,63.6426197667721,36.4461165529702,15.6,1626.28944750339,0.49935747999088
1971,5.11939576855541,63.6426197667721,36.6530986177124,15.6,1626.28944750339,0.47160908122335
1972,5.11939576855541,63.6426197667721,36.8811534330908,15.6,1626.28944750339,0.427703679123939
1973,5.11939576855541,63.6426197667721,37.1623781945284,15.6,1626.28944750339,0.475882518377907
1974,5.11939576855541,63.6426197667721,37.4075387407192,15.6,1626.28944750339,0.4927354121781
1975,5.11939576855541,63.6426197667721,37.6972178438629,15.6,1626.28944750339,0.474756415414076
1976,5.11939576855541,63.6426197667721,37.9936871620939,15.6,1626.28944750339,0.345681003166903
1977,5.11939576855541,63.6426197667721,38.293782668987,15.6,1626.28944750339,0.402123572862544
1978,5.11939576855541,63.6426197667721,38.6396848091351,15.6,1626.28944750339,0.419985788667919
1979,5.11939576855541,63.6426197667721,39.1335929989215,15.6,1626.28944750339,0.443519896465599
1980,5.11939576855541,63.6426197667721,39.4792158592455,15.6,1626.28944750339,0.500096814682899
1981,5.11939576855541,63.6426197667721,39.8681409337576,15.6,1626.28944750339,0.628197867137675
1982,5.11939576855541,63.6426197667721,40.1524898065398,15.6,1626.28944750339,0.591156295289589
1983,5.11939576855541,63.6426197667721,40.5674127606209,15.6,1626.28944750339,0.468972388754168
1984,5.11939576855541,63.6426197667721,41.0571520713412,15.6,1626.28944750339,0.503143196974452
1985,5.11939576855541,63.6426197667721,41.3901446799267,15.6,1626.28944750339,0.360920044771483
1986,5.11939576855541,63.6426197667721,41.7515581168244,15.6,1626.28944750339,0.562473911950108
1987,5.11939576855541,63.6426197667721,42.1107996303496,15.6,1626.28944750339,0.840663502778287
1988,5.11939576855541,63.6426197667721,42.4005795915325,15.6,1626.28944750339,0.895163501078323
1989,5.11939576855541,63.6426197667721,42.6651091441512,15.6,1626.28944750339,1.02982203409586
1990,5.11939576855541,63.6426197667721,42.831366480837,15.6,1626.28944750339,1.08933150514875
1991,5.11939576855541,63.6426197667721,43.1658030298652,15.6,1611.29609330508,0.760381595839734
1992,5.27548969894175,63.6426197667721,43.4485670007024,15.6,1584.40266628764,0.735267346783473
1993,5.54359975807061,63.6426197667721,43.7261715121239,15.6,1576.71227376891,0.90062616632266
1994,5.78918170693904,63.6426197667721,44.0155474952941,15.6,1564.17782925254,0.998139375916319
1995,5.91942696026279,63.6426197667721,44.3120958067333,15.6,1577.46703069054,1.16666073530644
1996,5.98370073084904,63.6426197667721,44.8034677559692,15.6,1592.76675714077,1.30659528113146
1997,6.01013695494246,63.6426197667721,45.3022073448282,15.6,1585.08421246955,1.6649422377285
1998,6.15906586247165,63.6426197667721,45.8009957179786,15.6,1569.01390662929,2.47824217578233
1999,6.27834886767265,63.6426197667721,46.292022501771,15.6,1580.06579744501,3.65050935184952
2000,6.11126625149596,63.6426197667721,46.8390607707809,15.6,1590.60086250942,4.60054634879253
2001,6.18980812535966,64.585432065387,47.3041676777483,15.6,1584.45851392594,2.65513203086615
2002,6.41180854857461,64.585432065387,47.8254042871885,15.6,1597.33297287626,2.13587760471071
2003,6.48390882464603,64.585432065387,48.3630051862397,15.6,1635.58102498736,1.85825915207826
2004,6.32969211241359,64.585432065387,48.8650001554705,15.6,1682.95044129212,2.22122545587228
2005,6.22389912094209,63.8858756995559,49.3577952569523,15.6,1708.69304493396,3.25827431954096
2006,5.97374019654838,63.8858756995559,49.8713307759176,17.2,1735.54645385898,4.22386145705618
2007,5.77480901338889,63.8858756995559,50.4145418301197,20.2,1759.78833317513,5.27711961807479
2008,5.82404352868675,63.8858756995559,50.8792438409157,22.8,1760.89364270519,3.72354373179278
2009,6.40934094809211,64.2370268628651,51.3728789097588,25.3,1723.0132731013,2.42727008900625
2010,6.28092769649237,62.1722930211593,51.7589871197018,28.4,1797.68456153472,2.70554368320855
2011,6.14877677051057,63.5512741368609,52.4574472014951,30.9,1804.53522890018,3.15832912822297
2012,6.15180927283385,61.7230442091797,52.9169643228086,33.3,1804.27859912268,2.65497421440789
2013,6.09906293447201,64.2005105545583,53.4324285544528,35.3,1811.32054159306,2.65184947569052
2014,5.95720582647446,63.6357212667319,53.9080111998113,37.4,1810.23611697449,2.41581124855202
2015,5.99825160171964,64.310895618676,54.4246815745034,39.9,1790.51093398013,3.62167700808841
2016,5.97068694834666,63.8820492617293,54.8936424211134,43.6,1785.95703176022,3.53345706054221
2017,5.89788808678893,63.8820492617293,55.3184226450948,46.3,1804.56697466577,2.72530213852118
2018,5.75951966875999,60.2783682773467,55.7510358807325,49.4,1827.57958060532,1.23709166637342
2019,5.58822341975783,58.4455010364631,56.1393998135593,53.9,1829.6332990821,2.16244261600792
2020,6.58731449706782,58.4455010364631,56.442553264507,60.1,1762.82657385656,1.34331731043375
2021,6.0451914548011,58.4455010364631,56.8075140054202,63.8,1852.31743577757,2.53659303797299
2022,5.23426188470581,59.3637824887525,57.0703302851395,67,1852.38308967766,1.86511043214883
2023,4.84957114230342,59.3637824887525,57.3099507018106,69.2,1866.16463634635,0.862233908070818
2024,4.80587275250158,59.3637824887525,57.5634797111357,71.2,1866.16463634635,1.32595274334775
1960,0.596,32.359,22.2996984962747,0,370.756577158868,0.229369018449875
1961,0.596,32.359,22.6321270948417,0,370.756577158868,0.229369018449875
1962,0.596,32.359,22.9342151711049,0,370.756577158868,0.229369018449875
1963,0.596,32.359,23.2081807037649,0,370.756577158868,0.229369018449875
1964,0.596,32.359,23.4605166957003,0,370.756577158868,0.229369018449875
1965,0.596,32.359,23.6966008113708,0,370.756577158868,0.229369018449875
1966,0.596,32.359,23.921810715236,0,370.756577158868,0.229369018449875
1967,0.596,32.359,24.1415240717555,0,370.756577158868,0.229369018449875
1968,0.596,32.359,24.3611185453889,0,370.756577158868,0.229369018449875
1969,0.596,32.359,24.5859718005957,0,370.756577158868,0.229369018449875
1970,0.596,32.359,24.8214615018356,0,370.756577158868,0.229369018449875
1971,0.596,32.359,25.0729653135682,0,370.756577158868,0.00937567679313264
1972,0.596,29.957,25.3460347123231,0,370.756577158868,0.180562617745505
1973,0.596,29.957,25.6467662768333,0,370.756577158868,-0.0626622414508386
1974,0.596,29.957,25.9764034338718,0,370.756577158868,0.0449479012962248
1975,0.596,29.957,26.3266097503112,0,370.756577158868,0.222605973934864
1976,0.596,49.302,26.6890303879083,0,370.756577158868,0.0624277014069093
1977,0.596,49.301,27.0553105084198,0,370.756577158868,0.100642225435154
1978,0.596,49.301,27.4170952736025,0,370.756577158868,0.181192853254975
1979,0.596,49.299,27.7660298452131,0,370.756577158868,0.29588069717029
1980,0.596,49.298,28.0937593850085,0,370.756577158868,0.269010726210538
1981,0.596,51.19,28.3941608544266,0,370.756577158868,0.384634937305679
1982,0.596,51.199,28.6799902302499,0,370.756577158868,0.207749628001959
1983,0.596,49.718,28.9594375727595,0,370.756577158868,0.102666735817458
1984,0.596,49.71,29.2322435401049,0,370.756577158868,0.1781923494967
1985,0.596,49.452,29.498826604215,0,370.756577158868,0.421864139271513
1986,0.596,48.887,29.7596052370187,0,370.756577158868,0.33145270892202
1987,0.596,48.887,30.014997910445,0,370.756577158868,0.387921173050002
1988,0.596,49.34,30.2654230964229,0,370.756577158868,0.484736838916137
1989,0.596,32.2,30.5112992668812,0,370.756577158868,0.524257200329788
1990,0.596,49.345,30.753044893749,0,370.756577158868,0.612997661913938
1991,0.596,49.684,30.9910784489553,0,367.121771650235,0.566383737278731
1992,0.587,49.684,31.2258184044289,0,379.579213707596,0.688313624140135
1993,0.596,49.196,31.4576832320988,0,387.504827835984,0.672760011900901
1994,0.601,49.148,31.6870914038941,0,392.525740918468,0.805118941060125
1995,0.611,48.361,31.9144613917436,0.000123,397.682408796608,1.19175194004056
1996,0.6,48.361,32.1402116675762,0.00299,403.99573108234,1.45605449462756
1997,0.611,50.123,32.3647607033211,0.0275,402.965782669408,1.14722858022912
1998,0.62,49.95,32.5871723893723,0.0439,399.272943328572,0.813610045502484
1999,0.625,49.95,32.8015812487933,0.0554,410.681455271548,0.84479500663461
2000,0.614,50.407,33.0046884491535,0.0554,411.549930374513,0.309595026317044
2001,0.611,50.407,33.1988471664032,1.31855077925626,407.99646563704,0.38910658649849
2002,0.615,50.455,33.3857078542752,2.57742673683831,404.334238651861,0.843517300073237
2003,0.612,50.455,33.5669209665019,5.04115812592502,412.836751547714,0.475207711805665
2004,0.598,50.732,33.7441369568158,6.16432098534156,431.672759795812,0.845585701616171
2005,0.583,46.56,33.9190062789495,6.332300186,436.061866708612,1.51575083116461
2006,0.582,50.032,34.0931793866356,6.5,443.903367754097,2.63975006245443
2007,0.398,50.045,34.2683067336065,6.800000191,457.205362427423,3.03571933817685
2008,0.423,50.084,34.4460387735948,7,437.835189001934,2.68936656124595
2009,0.535,50.535,34.6280259603331,7.5,433.272314472197,1.24801305527951
2010,0.653,50.997,34.8159187475539,8,429.327792495327,1.02791108080423
2011,0.796,50.775,35.0113675889897,8,422.842537376111,0.575055145839944
2012,3.667,48.627,35.2160229383731,8.100000381,419.546153206932,0.343453048660945
2013,2.954,51.45,35.4315352494366,9,421.580013785875,0.515353849332245
2014,1.827,50.997,35.6595549759128,10,433.449973838963,0.695308116834202
2015,3.566,52.026,35.9017325715342,11,437.198223010365,0.557734356032139
2016,2.285,48.929,36.1597184900333,12.385446763381,446.915365965869,0.821349998064174
2017,3.204,48.929,36.4351548223399,13.77999973,456.107326373589,0.735837049658425
2018,4.083,50.993,36.7478511550359,15.34000015,453.603126548778,0.487745750658143
2019,4.83,51.597,37.1091631735769,17.070901719916,431.604754942186,0.696146480411465
2020,5.994,46.637,37.5080192948099,18.935,454.338436216576,0.684695289874347
2021,6.338,52.73,37.9333395514173,18.935,465.115862856144,0.616039439073827
2022,5.291,52.73,38.3740439760816,18.935,418.447652844549,0.389980753542853
2023,5.237,52.73,38.8191861872791,18.935,414.952130205765,0.608281270820624
2024,5.492,52.73,39.1734368360905,57.253,414.952130205765,0.7166886452434
